,Sno,Date,PS,Country,LastUpdate,Confirmed,Deaths,Recovered,lat,lon
0,1,2020-01-22,Anhui,China,01/22/2020 12:00:00,1.0,0.0,0.0,32.0,117.0
1,2,2020-01-22,Beijing,China,01/22/2020 12:00:00,14.0,0.0,0.0,39.906217,116.3912757
2,3,2020-01-22,Chongqing,China,01/22/2020 12:00:00,6.0,0.0,0.0,30.05518,107.8748712
3,4,2020-01-22,Fujian,China,01/22/2020 12:00:00,1.0,0.0,0.0,26.5450001,117.842778
5,6,2020-01-22,Guangdong,China,01/22/2020 12:00:00,26.0,0.0,0.0,23.1357694,113.1982688
6,7,2020-01-22,Guangxi,China,01/22/2020 12:00:00,2.0,0.0,0.0,24.0,109.0
7,8,2020-01-22,Guizhou,China,01/22/2020 12:00:00,1.0,0.0,0.0,27.0,107.0
8,9,2020-01-22,Hainan,China,01/22/2020 12:00:00,4.0,0.0,0.0,19.2000001,109.5999999
9,10,2020-01-22,Hebei,China,01/22/2020 12:00:00,1.0,0.0,0.0,39.0000001,116.0
11,12,2020-01-22,Henan,China,01/22/2020 12:00:00,5.0,0.0,0.0,34.0000001,113.9999999
13,14,2020-01-22,Hubei,China,01/22/2020 12:00:00,444.0,0.0,0.0,31.15172525,112.87832224656043
14,15,2020-01-22,Hunan,China,01/22/2020 12:00:00,4.0,0.0,0.0,27.9995878,112.009538
16,17,2020-01-22,Jiangsu,China,01/22/2020 12:00:00,1.0,0.0,0.0,33.0000001,119.9999999
17,18,2020-01-22,Jiangxi,China,01/22/2020 12:00:00,2.0,0.0,0.0,28.0,116.0
19,20,2020-01-22,Liaoning,China,01/22/2020 12:00:00,2.0,0.0,0.0,40.9975197,122.9955469
20,21,2020-01-22,Macau,China,01/22/2020 12:00:00,1.0,0.0,0.0,22.1757605,113.5514142
21,22,2020-01-22,Ningxia,China,01/22/2020 12:00:00,1.0,0.0,0.0,37.0000001,105.9999999
24,25,2020-01-22,Shandong,China,01/22/2020 12:00:00,2.0,0.0,0.0,36.0000001,118.9999999
25,26,2020-01-22,Shanghai,China,01/22/2020 12:00:00,9.0,0.0,0.0,31.2322758,121.4692071
26,27,2020-01-22,Shanxi,China,01/22/2020 12:00:00,1.0,0.0,0.0,37.0,112.0
27,28,2020-01-22,Sichuan,China,01/22/2020 12:00:00,5.0,0.0,0.0,30.5000001,102.4999999
28,29,2020-01-22,Taiwan,China,01/22/2020 12:00:00,1.0,0.0,0.0,23.9739374,120.9820179
29,30,2020-01-22,Tianjin,China,01/22/2020 12:00:00,4.0,0.0,0.0,39.1235635,117.1980785
31,32,2020-01-22,Washington,US,01/22/2020 12:00:00,1.0,0.0,0.0,38.8948932,-77.0365529
33,34,2020-01-22,Yunnan,China,01/22/2020 12:00:00,1.0,0.0,0.0,25.0,102.0
34,35,2020-01-22,Zhejiang,China,01/22/2020 12:00:00,10.0,0.0,0.0,29.0000001,119.9999999
35,36,2020-01-22,Japan,Japan,01/22/2020 12:00:00,2.0,0.0,0.0,36.5748441,139.2394179
36,37,2020-01-22,Thailand,Thailand,01/22/2020 12:00:00,2.0,0.0,0.0,14.8971921,100.83273
37,38,2020-01-22,South Korea,South Korea,01/22/2020 12:00:00,1.0,0.0,0.0,36.5581914,127.9408564
38,39,2020-01-23,Anhui,China,01/23/2020 12:00:00,9.0,0.0,0.0,32.0,117.0
39,40,2020-01-23,Beijing,China,01/23/2020 12:00:00,22.0,0.0,0.0,39.906217,116.3912757
40,41,2020-01-23,Chongqing,China,01/23/2020 12:00:00,9.0,0.0,0.0,30.05518,107.8748712
41,42,2020-01-23,Fujian,China,01/23/2020 12:00:00,5.0,0.0,0.0,26.5450001,117.842778
42,43,2020-01-23,Gansu,China,01/23/2020 12:00:00,2.0,0.0,0.0,38.0000001,101.9999999
43,44,2020-01-23,Guangdong,China,01/23/2020 12:00:00,32.0,0.0,2.0,23.1357694,113.1982688
44,45,2020-01-23,Guangxi,China,01/23/2020 12:00:00,5.0,0.0,0.0,24.0,109.0
45,46,2020-01-23,Guizhou,China,01/23/2020 12:00:00,3.0,0.0,0.0,27.0,107.0
46,47,2020-01-23,Hainan,China,01/23/2020 12:00:00,5.0,0.0,0.0,19.2000001,109.5999999
47,48,2020-01-23,Hebei,China,01/23/2020 12:00:00,1.0,1.0,0.0,39.0000001,116.0
48,49,2020-01-23,Heilongjiang,China,01/23/2020 12:00:00,2.0,0.0,0.0,48.0000047,127.999992
49,50,2020-01-23,Henan,China,01/23/2020 12:00:00,5.0,0.0,0.0,34.0000001,113.9999999
50,51,2020-01-23,Hong Kong,Hong Kong,01/23/2020 12:00:00,2.0,0.0,0.0,22.2793278,114.1628131
51,52,2020-01-23,Hubei,China,01/23/2020 12:00:00,444.0,17.0,28.0,31.15172525,112.87832224656043
52,53,2020-01-23,Hunan,China,01/23/2020 12:00:00,9.0,0.0,0.0,27.9995878,112.009538
54,55,2020-01-23,Jiangsu,China,01/23/2020 12:00:00,5.0,0.0,0.0,33.0000001,119.9999999
55,56,2020-01-23,Jiangxi,China,01/23/2020 12:00:00,7.0,0.0,0.0,28.0,116.0
56,57,2020-01-23,Jilin,China,01/23/2020 12:00:00,1.0,0.0,0.0,42.9995032,125.9816054
57,58,2020-01-23,Liaoning,China,01/23/2020 12:00:00,3.0,0.0,0.0,40.9975197,122.9955469
58,59,2020-01-23,Macau,Macau,01/23/2020 12:00:00,2.0,0.0,0.0,22.1757605,113.5514142
59,60,2020-01-23,Ningxia,China,01/23/2020 12:00:00,1.0,0.0,0.0,37.0000001,105.9999999
61,62,2020-01-23,Shaanxi,China,01/23/2020 12:00:00,3.0,0.0,0.0,36.0,109.0
62,63,2020-01-23,Shandong,China,01/23/2020 12:00:00,6.0,0.0,0.0,36.0000001,118.9999999
63,64,2020-01-23,Shanghai,China,01/23/2020 12:00:00,16.0,0.0,0.0,31.2322758,121.4692071
64,65,2020-01-23,Shanxi,China,01/23/2020 12:00:00,1.0,0.0,0.0,37.0,112.0
65,66,2020-01-23,Sichuan,China,01/23/2020 12:00:00,8.0,0.0,0.0,30.5000001,102.4999999
66,67,2020-01-23,Taiwan,Taiwan,01/23/2020 12:00:00,1.0,0.0,0.0,23.9739374,120.9820179
67,68,2020-01-23,Tianjin,China,01/23/2020 12:00:00,4.0,0.0,0.0,39.1235635,117.1980785
69,70,2020-01-23,Washington,US,01/23/2020 12:00:00,1.0,0.0,0.0,38.8948932,-77.0365529
70,71,2020-01-23,Xinjiang,China,01/23/2020 12:00:00,2.0,0.0,0.0,41.7574769,87.16738423046897
71,72,2020-01-23,Yunnan,China,01/23/2020 12:00:00,2.0,0.0,0.0,25.0,102.0
72,73,2020-01-23,Zhejiang,China,01/23/2020 12:00:00,27.0,0.0,0.0,29.0000001,119.9999999
73,74,2020-01-23,Japan,Japan,01/23/2020 12:00:00,1.0,0.0,0.0,36.5748441,139.2394179
74,75,2020-01-23,Thailand,Thailand,01/23/2020 12:00:00,3.0,0.0,0.0,14.8971921,100.83273
75,76,2020-01-23,South Korea,South Korea,01/23/2020 12:00:00,1.0,0.0,0.0,36.5581914,127.9408564
76,77,2020-01-23,Singapore,Singapore,01/23/2020 12:00:00,1.0,0.0,0.0,1.357107,103.8194992
79,80,2020-01-23,Vietnam,Vietnam,01/23/2020 12:00:00,2.0,0.0,0.0,13.2904027,108.4265113
83,84,2020-01-24,Hubei,China,01/24/2020 12:00:00,549.0,24.0,31.0,31.15172525,112.87832224656043
84,85,2020-01-24,Guangdong,China,01/24/2020 12:00:00,53.0,0.0,2.0,23.1357694,113.1982688
85,86,2020-01-24,Zhejiang,China,01/24/2020 12:00:00,43.0,0.0,1.0,29.0000001,119.9999999
86,87,2020-01-24,Beijing,China,01/24/2020 12:00:00,36.0,0.0,1.0,39.906217,116.3912757
87,88,2020-01-24,Chongqing,China,01/24/2020 12:00:00,27.0,0.0,0.0,30.05518,107.8748712
88,89,2020-01-24,Hunan,China,01/24/2020 12:00:00,24.0,0.0,0.0,27.9995878,112.009538
89,90,2020-01-24,Guangxi,China,01/24/2020 12:00:00,23.0,0.0,0.0,24.0,109.0
90,91,2020-01-24,Shanghai,China,01/24/2020 12:00:00,20.0,0.0,1.0,31.2322758,121.4692071
91,92,2020-01-24,Jiangxi,China,01/24/2020 12:00:00,18.0,0.0,0.0,28.0,116.0
92,93,2020-01-24,Sichuan,China,01/24/2020 12:00:00,15.0,0.0,0.0,30.5000001,102.4999999
93,94,2020-01-24,Shandong,China,01/24/2020 12:00:00,15.0,0.0,0.0,36.0000001,118.9999999
94,95,2020-01-24,Anhui,China,01/24/2020 12:00:00,15.0,0.0,0.0,32.0,117.0
95,96,2020-01-24,Fujian,China,01/24/2020 12:00:00,10.0,0.0,0.0,26.5450001,117.842778
96,97,2020-01-24,Henan,China,01/24/2020 12:00:00,9.0,0.0,0.0,34.0000001,113.9999999
97,98,2020-01-24,Jiangsu,China,01/24/2020 12:00:00,9.0,0.0,0.0,33.0000001,119.9999999
98,99,2020-01-24,Hainan,China,01/24/2020 12:00:00,8.0,0.0,0.0,19.2000001,109.5999999
99,100,2020-01-24,Tianjin,China,01/24/2020 12:00:00,8.0,0.0,0.0,39.1235635,117.1980785
100,101,2020-01-24,Yunnan,China,01/24/2020 12:00:00,5.0,0.0,0.0,25.0,102.0
101,102,2020-01-24,Shaanxi,China,01/24/2020 12:00:00,5.0,0.0,0.0,36.0,109.0
102,103,2020-01-24,Heilongjiang,China,01/24/2020 12:00:00,4.0,1.0,0.0,48.0000047,127.999992
103,104,2020-01-24,Liaoning,China,01/24/2020 12:00:00,4.0,0.0,0.0,40.9975197,122.9955469
104,105,2020-01-24,Guizhou,China,01/24/2020 12:00:00,3.0,0.0,0.0,27.0,107.0
105,106,2020-01-24,Jilin,China,01/24/2020 12:00:00,3.0,0.0,0.0,42.9995032,125.9816054
106,107,2020-01-24,Taiwan,Taiwan,01/24/2020 12:00:00,3.0,0.0,0.0,23.9739374,120.9820179
107,108,2020-01-24,Ningxia,China,01/24/2020 12:00:00,2.0,0.0,0.0,37.0000001,105.9999999
108,109,2020-01-24,Hong Kong,Hong Kong,01/24/2020 12:00:00,2.0,0.0,0.0,22.2793278,114.1628131
109,110,2020-01-24,Macau,Macau,01/24/2020 12:00:00,2.0,0.0,0.0,22.1757605,113.5514142
110,111,2020-01-24,Hebei,China,01/24/2020 12:00:00,2.0,1.0,0.0,39.0000001,116.0
111,112,2020-01-24,Gansu,China,01/24/2020 12:00:00,2.0,0.0,0.0,38.0000001,101.9999999
112,113,2020-01-24,Xinjiang,China,01/24/2020 12:00:00,2.0,0.0,0.0,41.7574769,87.16738423046897
113,114,2020-01-24,Shanxi,China,01/24/2020 12:00:00,1.0,0.0,0.0,37.0,112.0
114,115,2020-01-24,Inner Mongolia,China,01/24/2020 12:00:00,1.0,0.0,0.0,43.2443242,114.3251664
116,117,2020-01-24,Washington,US,01/24/2020 12:00:00,1.0,0.0,0.0,38.8948932,-77.0365529
117,118,2020-01-24,Chicago,US,01/24/2020 12:00:00,1.0,0.0,0.0,41.8755616,-87.6244212
118,119,2020-01-24,Japan,Japan,01/24/2020 12:00:00,2.0,0.0,0.0,36.5748441,139.2394179
119,120,2020-01-24,Thailand,Thailand,01/24/2020 12:00:00,5.0,0.0,0.0,14.8971921,100.83273
120,121,2020-01-24,South Korea,South Korea,01/24/2020 12:00:00,2.0,0.0,0.0,36.5581914,127.9408564
121,122,2020-01-24,Singapore,Singapore,01/24/2020 12:00:00,3.0,0.0,0.0,1.357107,103.8194992
122,123,2020-01-24,Vietnam,Vietnam,01/24/2020 12:00:00,2.0,0.0,0.0,13.2904027,108.4265113
123,124,2020-01-24,France,France,01/24/2020 16:00:00,2.0,0.0,0.0,46.603354,1.8883335
124,125,2020-01-25,Hubei,China,01/25/2020 22:00:00,1052.0,52.0,42.0,31.15172525,112.87832224656043
125,126,2020-01-25,Zhejiang,China,01/25/2020 22:00:00,104.0,0.0,1.0,29.0000001,119.9999999
126,127,2020-01-25,Guangdong,China,01/25/2020 12:00:00,98.0,0.0,2.0,23.1357694,113.1982688
127,128,2020-01-25,Henan,China,01/25/2020 12:00:00,83.0,1.0,0.0,34.0000001,113.9999999
128,129,2020-01-25,Chongqing,China,01/25/2020 12:00:00,75.0,0.0,0.0,30.05518,107.8748712
129,130,2020-01-25,Hunan,China,01/25/2020 12:00:00,69.0,0.0,0.0,27.9995878,112.009538
130,131,2020-01-25,Anhui,China,01/25/2020 12:00:00,60.0,0.0,0.0,32.0,117.0
131,132,2020-01-25,Beijing,China,01/25/2020 12:00:00,51.0,0.0,2.0,39.906217,116.3912757
132,133,2020-01-25,Sichuan,China,01/25/2020 12:00:00,44.0,0.0,0.0,30.5000001,102.4999999
133,134,2020-01-25,Shanghai,China,01/25/2020 12:00:00,40.0,1.0,1.0,31.2322758,121.4692071
134,135,2020-01-25,Shandong,China,01/25/2020 12:00:00,39.0,0.0,0.0,36.0000001,118.9999999
135,136,2020-01-25,Jiangxi,China,01/25/2020 12:00:00,36.0,0.0,0.0,28.0,116.0
136,137,2020-01-25,Guangxi,China,01/25/2020 12:00:00,33.0,0.0,0.0,24.0,109.0
137,138,2020-01-25,Jiangsu,China,01/25/2020 12:00:00,31.0,0.0,1.0,33.0000001,119.9999999
138,139,2020-01-25,Hainan,China,01/25/2020 12:00:00,19.0,0.0,0.0,19.2000001,109.5999999
139,140,2020-01-25,Liaoning,China,01/25/2020 12:00:00,19.0,0.0,0.0,40.9975197,122.9955469
140,141,2020-01-25,Fujian,China,01/25/2020 12:00:00,18.0,1.0,0.0,26.5450001,117.842778
141,142,2020-01-25,Heilongjiang,China,01/25/2020 12:00:00,15.0,0.0,0.0,48.0000047,127.999992
142,143,2020-01-25,Shaanxi,China,01/25/2020 12:00:00,15.0,0.0,0.0,36.0,109.0
143,144,2020-01-25,Tianjin,China,01/25/2020 12:00:00,13.0,0.0,0.0,39.1235635,117.1980785
144,145,2020-01-25,Hebei,China,01/25/2020 12:00:00,13.0,1.0,0.0,39.0000001,116.0
145,146,2020-01-25,Yunnan,China,01/25/2020 12:00:00,11.0,0.0,0.0,25.0,102.0
146,147,2020-01-25,Shanxi,China,01/25/2020 12:00:00,9.0,0.0,0.0,37.0,112.0
147,148,2020-01-25,Inner Mongolia,China,01/25/2020 12:00:00,7.0,0.0,0.0,43.2443242,114.3251664
148,149,2020-01-25,Gansu,China,01/25/2020 12:00:00,7.0,0.0,0.0,38.0000001,101.9999999
149,150,2020-01-25,Guizhou,China,01/25/2020 12:00:00,5.0,0.0,0.0,27.0,107.0
150,151,2020-01-25,Hong Kong,Hong Kong,01/25/2020 12:00:00,5.0,0.0,0.0,22.2793278,114.1628131
151,152,2020-01-25,Ningxia,China,01/25/2020 12:00:00,4.0,0.0,0.0,37.0000001,105.9999999
152,153,2020-01-25,Jilin,China,01/25/2020 12:00:00,4.0,0.0,0.0,42.9995032,125.9816054
153,154,2020-01-25,Xinjiang,China,01/25/2020 12:00:00,4.0,0.0,0.0,41.7574769,87.16738423046897
154,155,2020-01-25,Taiwan,Taiwan,01/25/2020 12:00:00,3.0,0.0,0.0,23.9739374,120.9820179
155,156,2020-01-25,Macau,Macau,01/25/2020 12:00:00,2.0,0.0,0.0,22.1757605,113.5514142
156,157,2020-01-25,Qinghai,China,01/25/2020 12:00:00,1.0,0.0,0.0,35.40709525,95.95211573241954
157,158,2020-01-25,Washington,US,01/25/2020 12:00:00,1.0,0.0,0.0,38.8948932,-77.0365529
158,159,2020-01-25,Illinois,US,01/25/2020 12:00:00,1.0,0.0,0.0,40.0796606,-89.4337288
159,160,2020-01-25,Japan,Japan,01/25/2020 12:00:00,2.0,0.0,0.0,36.5748441,139.2394179
160,161,2020-01-25,Thailand,Thailand,01/25/2020 12:00:00,7.0,0.0,0.0,14.8971921,100.83273
161,162,2020-01-25,South Korea,South Korea,01/25/2020 12:00:00,3.0,0.0,0.0,36.5581914,127.9408564
162,163,2020-01-25,Singapore,Singapore,01/25/2020 12:00:00,3.0,0.0,0.0,1.357107,103.8194992
163,164,2020-01-25,Vietnam,Vietnam,01/25/2020 12:00:00,2.0,0.0,0.0,13.2904027,108.4265113
164,165,2020-01-25,France,France,01/25/2020 12:00:00,3.0,0.0,0.0,46.603354,1.8883335
166,167,2020-01-25,Nepal,Nepal,01/25/2020 12:00:00,1.0,0.0,0.0,28.1083929,84.0917139
167,168,2020-01-25,Malaysia,Malaysia,01/25/2020 12:00:00,3.0,0.0,0.0,4.5693754,102.2656823
168,169,2020-01-26,Hubei,China,01/26/2020 23:00:00,1423.0,76.0,44.0,31.15172525,112.87832224656043
169,170,2020-01-26,Guangdong,China,01/26/2020 23:00:00,146.0,0.0,2.0,23.1357694,113.1982688
170,171,2020-01-26,Zhejiang,China,01/26/2020 23:00:00,128.0,0.0,1.0,29.0000001,119.9999999
171,172,2020-01-26,Henan,China,01/26/2020 23:00:00,128.0,1.0,0.0,34.0000001,113.9999999
172,173,2020-01-26,Chongqing,China,01/26/2020 23:00:00,110.0,0.0,0.0,30.05518,107.8748712
173,174,2020-01-26,Hunan,China,01/26/2020 23:00:00,100.0,0.0,0.0,27.9995878,112.009538
174,175,2020-01-26,Anhui,China,01/26/2020 23:00:00,70.0,0.0,0.0,32.0,117.0
175,176,2020-01-26,Sichuan,China,01/26/2020 23:00:00,69.0,0.0,0.0,30.5000001,102.4999999
176,177,2020-01-26,Beijing,China,01/26/2020 23:00:00,68.0,0.0,2.0,39.906217,116.3912757
177,178,2020-01-26,Shandong,China,01/26/2020 23:00:00,63.0,0.0,0.0,36.0000001,118.9999999
178,179,2020-01-26,Shanghai,China,01/26/2020 23:00:00,53.0,1.0,1.0,31.2322758,121.4692071
179,180,2020-01-26,Jiangxi,China,01/26/2020 23:00:00,48.0,0.0,0.0,28.0,116.0
180,181,2020-01-26,Jiangsu,China,01/26/2020 23:00:00,47.0,0.0,1.0,33.0000001,119.9999999
181,182,2020-01-26,Guangxi,China,01/26/2020 23:00:00,46.0,0.0,0.0,24.0,109.0
182,183,2020-01-26,Fujian,China,01/26/2020 23:00:00,35.0,0.0,0.0,26.5450001,117.842778
183,184,2020-01-26,Liaoning,China,01/26/2020 23:00:00,23.0,0.0,0.0,40.9975197,122.9955469
184,185,2020-01-26,Hainan,China,01/26/2020 23:00:00,22.0,0.0,0.0,19.2000001,109.5999999
185,186,2020-01-26,Shaanxi,China,01/26/2020 23:00:00,22.0,0.0,0.0,36.0,109.0
186,187,2020-01-26,Heilongjiang,China,01/26/2020 23:00:00,21.0,1.0,0.0,48.0000047,127.999992
187,188,2020-01-26,Yunnan,China,01/26/2020 23:00:00,19.0,0.0,0.0,25.0,102.0
188,189,2020-01-26,Hebei,China,01/26/2020 23:00:00,18.0,1.0,0.0,39.0000001,116.0
189,190,2020-01-26,Tianjin,China,01/26/2020 23:00:00,14.0,0.0,0.0,39.1235635,117.1980785
190,191,2020-01-26,Gansu,China,01/26/2020 23:00:00,14.0,0.0,0.0,38.0000001,101.9999999
191,192,2020-01-26,Shanxi,China,01/26/2020 23:00:00,13.0,0.0,0.0,37.0,112.0
192,193,2020-01-26,Inner Mongolia,China,01/26/2020 23:00:00,11.0,0.0,0.0,43.2443242,114.3251664
193,194,2020-01-26,Hong Kong,Hong Kong,01/26/2020 23:00:00,8.0,0.0,0.0,22.2793278,114.1628131
194,195,2020-01-26,Guizhou,China,01/26/2020 23:00:00,7.0,0.0,0.0,27.0,107.0
195,196,2020-01-26,Jilin,China,01/26/2020 23:00:00,6.0,0.0,0.0,42.9995032,125.9816054
196,197,2020-01-26,Macau,Macau,01/26/2020 23:00:00,6.0,0.0,0.0,22.1757605,113.5514142
197,198,2020-01-26,Xinjiang,China,01/26/2020 23:00:00,5.0,0.0,0.0,41.7574769,87.16738423046897
198,199,2020-01-26,Ningxia,China,01/26/2020 23:00:00,4.0,0.0,0.0,37.0000001,105.9999999
199,200,2020-01-26,Taiwan,Taiwan,01/26/2020 23:00:00,4.0,0.0,0.0,23.9739374,120.9820179
200,201,2020-01-26,Qinghai,China,01/26/2020 23:00:00,4.0,0.0,0.0,35.40709525,95.95211573241954
201,202,2020-01-26,Washington,US,01/26/2020 23:00:00,1.0,0.0,0.0,38.8948932,-77.0365529
202,203,2020-01-26,Illinois,US,01/26/2020 23:00:00,1.0,0.0,0.0,40.0796606,-89.4337288
203,204,2020-01-26,California,US,01/26/2020 23:00:00,2.0,0.0,0.0,36.7014631,-118.7559974
204,205,2020-01-26,Arizona,US,01/26/2020 23:00:00,1.0,0.0,0.0,34.395342,-111.7632755
205,206,2020-01-26,Japan,Japan,01/26/2020 23:00:00,4.0,0.0,1.0,36.5748441,139.2394179
206,207,2020-01-26,Thailand,Thailand,01/26/2020 23:00:00,8.0,0.0,2.0,14.8971921,100.83273
207,208,2020-01-26,South Korea,South Korea,01/26/2020 23:00:00,3.0,0.0,0.0,36.5581914,127.9408564
208,209,2020-01-26,Singapore,Singapore,01/26/2020 23:00:00,4.0,0.0,0.0,1.357107,103.8194992
209,210,2020-01-26,Vietnam,Vietnam,01/26/2020 23:00:00,2.0,0.0,0.0,13.2904027,108.4265113
210,211,2020-01-26,France,France,01/26/2020 23:00:00,3.0,0.0,0.0,46.603354,1.8883335
212,213,2020-01-26,Nepal,Nepal,01/26/2020 23:00:00,1.0,0.0,0.0,28.1083929,84.0917139
213,214,2020-01-26,Malaysia,Malaysia,01/26/2020 23:00:00,4.0,0.0,0.0,4.5693754,102.2656823
214,215,2020-01-26,Ontario,Canada,01/26/2020 23:00:00,1.0,0.0,0.0,50.000678,-86.000977
215,216,2020-01-27,Hubei,China,01/27/2020 20:30:00,2714.0,100.0,47.0,31.15172525,112.87832224656043
216,217,2020-01-27,Zhejiang,China,01/27/2020 20:30:00,173.0,0.0,1.0,29.0000001,119.9999999
217,218,2020-01-27,Henan,China,01/27/2020 20:30:00,168.0,1.0,0.0,34.0000001,113.9999999
218,219,2020-01-27,Guangdong,China,01/27/2020 20:30:00,151.0,0.0,4.0,23.1357694,113.1982688
219,220,2020-01-27,Chongqing,China,01/27/2020 20:30:00,132.0,0.0,0.0,30.05518,107.8748712
220,221,2020-01-27,Anhui,China,01/27/2020 20:30:00,106.0,0.0,0.0,32.0,117.0
221,222,2020-01-27,Hunan,China,01/27/2020 20:30:00,100.0,0.0,0.0,27.9995878,112.009538
222,223,2020-01-27,Sichuan,China,01/27/2020 20:30:00,90.0,0.0,0.0,30.5000001,102.4999999
223,224,2020-01-27,Shandong,China,01/27/2020 20:30:00,87.0,1.0,0.0,36.0000001,118.9999999
224,225,2020-01-27,Beijing,China,01/27/2020 20:30:00,80.0,1.0,2.0,39.906217,116.3912757
225,226,2020-01-27,Jiangxi,China,01/27/2020 20:30:00,72.0,0.0,2.0,28.0,116.0
226,227,2020-01-27,Jiangsu,China,01/27/2020 20:30:00,70.0,0.0,1.0,33.0000001,119.9999999
227,228,2020-01-27,Shanghai,China,01/27/2020 20:30:00,66.0,1.0,3.0,31.2322758,121.4692071
228,229,2020-01-27,Fujian,China,01/27/2020 20:30:00,59.0,0.0,0.0,26.5450001,117.842778
229,230,2020-01-27,Guangxi,China,01/27/2020 20:30:00,51.0,0.0,0.0,24.0,109.0
230,231,2020-01-27,Shaanxi,China,01/27/2020 20:30:00,35.0,0.0,0.0,36.0,109.0
231,232,2020-01-27,Hainan,China,01/27/2020 20:30:00,33.0,1.0,0.0,19.2000001,109.5999999
232,233,2020-01-27,Hebei,China,01/27/2020 20:30:00,33.0,1.0,0.0,39.0000001,116.0
233,234,2020-01-27,Heilongjiang,China,01/27/2020 20:30:00,30.0,1.0,0.0,48.0000047,127.999992
234,235,2020-01-27,Liaoning,China,01/27/2020 20:30:00,27.0,0.0,0.0,40.9975197,122.9955469
235,236,2020-01-27,Yunnan,China,01/27/2020 20:30:00,26.0,0.0,0.0,25.0,102.0
236,237,2020-01-27,Tianjin,China,01/27/2020 20:30:00,23.0,0.0,0.0,39.1235635,117.1980785
237,238,2020-01-27,Shanxi,China,01/27/2020 20:30:00,20.0,0.0,0.0,37.0,112.0
238,239,2020-01-27,Gansu,China,01/27/2020 20:30:00,19.0,0.0,0.0,38.0000001,101.9999999
239,240,2020-01-27,Inner Mongolia,China,01/27/2020 20:30:00,11.0,0.0,0.0,43.2443242,114.3251664
240,241,2020-01-27,Guizhou,China,01/27/2020 20:30:00,9.0,0.0,0.0,27.0,107.0
241,242,2020-01-27,Hong Kong,Hong Kong,01/27/2020 20:30:00,8.0,0.0,0.0,22.2793278,114.1628131
242,243,2020-01-27,Ningxia,China,01/27/2020 20:30:00,7.0,0.0,0.0,37.0000001,105.9999999
243,244,2020-01-27,Jilin,China,01/27/2020 20:30:00,6.0,0.0,0.0,42.9995032,125.9816054
244,245,2020-01-27,Macau,Macau,01/27/2020 20:30:00,6.0,0.0,0.0,22.1757605,113.5514142
245,246,2020-01-27,Qinghai,China,01/27/2020 20:30:00,6.0,0.0,0.0,35.40709525,95.95211573241954
246,247,2020-01-27,Taiwan,Taiwan,01/27/2020 20:30:00,5.0,0.0,0.0,23.9739374,120.9820179
247,248,2020-01-27,Xinjiang,China,01/27/2020 20:30:00,5.0,0.0,0.0,41.7574769,87.16738423046897
248,249,2020-01-27,Washington,US,01/27/2020 20:30:00,1.0,0.0,0.0,38.8948932,-77.0365529
249,250,2020-01-27,Illinois,US,01/27/2020 20:30:00,1.0,0.0,0.0,40.0796606,-89.4337288
250,251,2020-01-27,California,US,01/27/2020 20:30:00,2.0,0.0,0.0,36.7014631,-118.7559974
251,252,2020-01-27,Arizona,US,01/27/2020 20:30:00,1.0,0.0,0.0,34.395342,-111.7632755
252,253,2020-01-27,Japan,Japan,01/27/2020 20:30:00,4.0,0.0,1.0,36.5748441,139.2394179
253,254,2020-01-27,Thailand,Thailand,01/27/2020 20:30:00,8.0,0.0,2.0,14.8971921,100.83273
254,255,2020-01-27,South Korea,South Korea,01/27/2020 20:30:00,4.0,0.0,0.0,36.5581914,127.9408564
255,256,2020-01-27,Singapore,Singapore,01/27/2020 20:30:00,5.0,0.0,0.0,1.357107,103.8194992
256,257,2020-01-27,Vietnam,Vietnam,01/27/2020 20:30:00,2.0,0.0,0.0,13.2904027,108.4265113
257,258,2020-01-27,France,France,01/27/2020 20:30:00,3.0,0.0,0.0,46.603354,1.8883335
258,259,2020-01-27,Nepal,Nepal,01/27/2020 20:30:00,1.0,0.0,0.0,28.1083929,84.0917139
259,260,2020-01-27,Malaysia,Malaysia,01/27/2020 20:30:00,4.0,0.0,0.0,4.5693754,102.2656823
260,261,2020-01-27,Ontario,Canada,01/27/2020 20:30:00,1.0,0.0,0.0,50.000678,-86.000977
261,262,2020-01-27,Cambodia,Cambodia,01/27/2020 20:30:00,1.0,0.0,0.0,13.5066394,104.869423
262,263,2020-01-27,Sri Lanka,Sri Lanka,01/27/2020 20:30:00,1.0,0.0,0.0,7.5554942,80.7137847
264,265,2020-01-27,New South Wales,Australia,01/27/2020 20:30:00,4.0,0.0,0.0,-31.8759835,147.2869493
265,266,2020-01-27,Victoria,Australia,01/27/2020 20:30:00,1.0,0.0,0.0,-36.5986096,144.6780052
266,267,2020-01-27,Bavaria,Germany,01/27/2020 20:30:00,1.0,0.0,0.0,48.9467562,11.4038717
267,268,2020-01-28,Hubei,China,01/28/2020 23:00:00,3554.0,125.0,80.0,31.15172525,112.87832224656043
268,269,2020-01-28,Zhejiang,China,01/28/2020 23:00:00,296.0,0.0,3.0,29.0000001,119.9999999
269,270,2020-01-28,Guangdong,China,01/28/2020 23:00:00,241.0,0.0,5.0,23.1357694,113.1982688
270,271,2020-01-28,Hunan,China,01/28/2020 23:00:00,221.0,0.0,0.0,27.9995878,112.009538
271,272,2020-01-28,Henan,China,01/28/2020 23:00:00,206.0,2.0,1.0,34.0000001,113.9999999
272,273,2020-01-28,Anhui,China,01/28/2020 23:00:00,152.0,0.0,0.0,32.0,117.0
273,274,2020-01-28,Chongqing,China,01/28/2020 23:00:00,147.0,0.0,1.0,30.05518,107.8748712
274,275,2020-01-28,Shandong,China,01/28/2020 23:00:00,121.0,0.0,0.0,36.0000001,118.9999999
275,276,2020-01-28,Jiangxi,China,01/28/2020 23:00:00,109.0,0.0,3.0,28.0,116.0
276,277,2020-01-28,Sichuan,China,01/28/2020 23:00:00,108.0,0.0,0.0,30.5000001,102.4999999
277,278,2020-01-28,Jiangsu,China,01/28/2020 23:00:00,99.0,0.0,1.0,33.0000001,119.9999999
278,279,2020-01-28,Beijing,China,01/28/2020 23:00:00,91.0,1.0,4.0,39.906217,116.3912757
279,280,2020-01-28,Fujian,China,01/28/2020 23:00:00,82.0,0.0,0.0,26.5450001,117.842778
280,281,2020-01-28,Shanghai,China,01/28/2020 23:00:00,80.0,1.0,4.0,31.2322758,121.4692071
281,282,2020-01-28,Guangxi,China,01/28/2020 23:00:00,58.0,0.0,2.0,24.0,109.0
282,283,2020-01-28,Shaanxi,China,01/28/2020 23:00:00,56.0,0.0,0.0,36.0,109.0
283,284,2020-01-28,Hebei,China,01/28/2020 23:00:00,48.0,1.0,0.0,39.0000001,116.0
284,285,2020-01-28,Yunnan,China,01/28/2020 23:00:00,44.0,0.0,0.0,25.0,102.0
285,286,2020-01-28,Hainan,China,01/28/2020 23:00:00,43.0,1.0,0.0,19.2000001,109.5999999
286,287,2020-01-28,Heilongjiang,China,01/28/2020 23:00:00,37.0,1.0,0.0,48.0000047,127.999992
287,288,2020-01-28,Liaoning,China,01/28/2020 23:00:00,36.0,0.0,0.0,40.9975197,122.9955469
288,289,2020-01-28,Shanxi,China,01/28/2020 23:00:00,27.0,0.0,0.0,37.0,112.0
289,290,2020-01-28,Tianjin,China,01/28/2020 23:00:00,25.0,0.0,0.0,39.1235635,117.1980785
290,291,2020-01-28,Gansu,China,01/28/2020 23:00:00,24.0,0.0,0.0,38.0000001,101.9999999
291,292,2020-01-28,Inner Mongolia,China,01/28/2020 23:00:00,16.0,0.0,0.0,43.2443242,114.3251664
292,293,2020-01-28,Xinjiang,China,01/28/2020 23:00:00,13.0,0.0,0.0,41.7574769,87.16738423046897
293,294,2020-01-28,Ningxia,China,01/28/2020 23:00:00,12.0,0.0,0.0,37.0000001,105.9999999
294,295,2020-01-28,Guizhou,China,01/28/2020 23:00:00,9.0,0.0,0.0,27.0,107.0
295,296,2020-01-28,Jilin,China,01/28/2020 23:00:00,9.0,0.0,0.0,42.9995032,125.9816054
296,297,2020-01-28,Hong Kong,Hong Kong,01/28/2020 23:00:00,8.0,0.0,0.0,22.2793278,114.1628131
297,298,2020-01-28,Taiwan,Taiwan,01/28/2020 23:00:00,8.0,0.0,0.0,23.9739374,120.9820179
298,299,2020-01-28,Macau,Macau,01/28/2020 23:00:00,7.0,0.0,0.0,22.1757605,113.5514142
299,300,2020-01-28,Qinghai,China,01/28/2020 23:00:00,6.0,0.0,0.0,35.40709525,95.95211573241954
300,301,2020-01-28,Washington,US,01/28/2020 23:00:00,1.0,0.0,0.0,38.8948932,-77.0365529
301,302,2020-01-28,Illinois,US,01/28/2020 23:00:00,1.0,0.0,0.0,40.0796606,-89.4337288
302,303,2020-01-28,California,US,01/28/2020 23:00:00,2.0,0.0,0.0,36.7014631,-118.7559974
303,304,2020-01-28,Arizona,US,01/28/2020 23:00:00,1.0,0.0,0.0,34.395342,-111.7632755
304,305,2020-01-28,Japan,Japan,01/28/2020 23:00:00,7.0,0.0,1.0,36.5748441,139.2394179
305,306,2020-01-28,Thailand,Thailand,01/28/2020 23:00:00,14.0,0.0,5.0,14.8971921,100.83273
306,307,2020-01-28,South Korea,South Korea,01/28/2020 23:00:00,4.0,0.0,0.0,36.5581914,127.9408564
307,308,2020-01-28,Singapore,Singapore,01/28/2020 23:00:00,7.0,0.0,0.0,1.357107,103.8194992
308,309,2020-01-28,Vietnam,Vietnam,01/28/2020 23:00:00,2.0,0.0,0.0,13.2904027,108.4265113
309,310,2020-01-28,France,France,01/28/2020 23:00:00,4.0,0.0,0.0,46.603354,1.8883335
310,311,2020-01-28,Nepal,Nepal,01/28/2020 23:00:00,1.0,0.0,0.0,28.1083929,84.0917139
311,312,2020-01-28,Malaysia,Malaysia,01/28/2020 23:00:00,7.0,0.0,0.0,4.5693754,102.2656823
312,313,2020-01-28,Ontario,Canada,01/28/2020 23:00:00,1.0,0.0,0.0,50.000678,-86.000977
313,314,2020-01-28,British Columbia,Canada,01/28/2020 23:00:00,1.0,0.0,0.0,55.001251,-125.002441
314,315,2020-01-28,Cambodia,Cambodia,01/28/2020 23:00:00,1.0,0.0,0.0,13.5066394,104.869423
315,316,2020-01-28,Sri Lanka,Sri Lanka,01/28/2020 23:00:00,1.0,0.0,0.0,7.5554942,80.7137847
316,317,2020-01-28,New South Wales,Australia,01/28/2020 23:00:00,4.0,0.0,0.0,-31.8759835,147.2869493
317,318,2020-01-28,Victoria,Australia,01/28/2020 23:00:00,1.0,0.0,0.0,-36.5986096,144.6780052
318,319,2020-01-28,Bavaria,Germany,01/28/2020 23:00:00,4.0,0.0,0.0,48.9467562,11.4038717
319,320,2020-01-29,Hubei,China,01/29/2020 21:00:00,4586.0,162.0,90.0,31.15172525,112.87832224656043
320,321,2020-01-29,Zhejiang,China,01/29/2020 21:00:00,428.0,0.0,4.0,29.0000001,119.9999999
321,322,2020-01-29,Guangdong,China,01/29/2020 21:00:00,311.0,0.0,6.0,23.1357694,113.1982688
322,323,2020-01-29,Henan,China,01/29/2020 21:00:00,278.0,2.0,2.0,34.0000001,113.9999999
323,324,2020-01-29,Hunan,China,01/29/2020 21:00:00,277.0,0.0,0.0,27.9995878,112.009538
324,325,2020-01-29,Anhui,China,01/29/2020 21:00:00,200.0,0.0,2.0,32.0,117.0
325,326,2020-01-29,Chongqing,China,01/29/2020 21:00:00,165.0,0.0,1.0,30.05518,107.8748712
326,327,2020-01-29,Jiangxi,China,01/29/2020 21:00:00,162.0,0.0,4.0,28.0,116.0
327,328,2020-01-29,Shandong,China,01/29/2020 21:00:00,145.0,0.0,1.0,36.0000001,118.9999999
328,329,2020-01-29,Sichuan,China,01/29/2020 21:00:00,142.0,1.0,1.0,30.5000001,102.4999999
329,330,2020-01-29,Jiangsu,China,01/29/2020 21:00:00,129.0,0.0,1.0,33.0000001,119.9999999
330,331,2020-01-29,Beijing,China,01/29/2020 21:00:00,111.0,1.0,4.0,39.906217,116.3912757
331,332,2020-01-29,Shanghai,China,01/29/2020 21:00:00,101.0,1.0,5.0,31.2322758,121.4692071
332,333,2020-01-29,Fujian,China,01/29/2020 21:00:00,101.0,0.0,0.0,26.5450001,117.842778
333,334,2020-01-29,Guangxi,China,01/29/2020 21:00:00,78.0,0.0,2.0,24.0,109.0
334,335,2020-01-29,Hebei,China,01/29/2020 21:00:00,65.0,1.0,0.0,39.0000001,116.0
335,336,2020-01-29,Shaanxi,China,01/29/2020 21:00:00,56.0,0.0,0.0,36.0,109.0
336,337,2020-01-29,Yunnan,China,01/29/2020 21:00:00,55.0,0.0,0.0,25.0,102.0
337,338,2020-01-29,Hainan,China,01/29/2020 21:00:00,43.0,1.0,0.0,19.2000001,109.5999999
338,339,2020-01-29,Heilongjiang,China,01/29/2020 21:00:00,43.0,1.0,0.0,48.0000047,127.999992
339,340,2020-01-29,Liaoning,China,01/29/2020 21:00:00,39.0,0.0,1.0,40.9975197,122.9955469
340,341,2020-01-29,Shanxi,China,01/29/2020 21:00:00,35.0,0.0,1.0,37.0,112.0
341,342,2020-01-29,Tianjin,China,01/29/2020 21:00:00,27.0,0.0,0.0,39.1235635,117.1980785
342,343,2020-01-29,Gansu,China,01/29/2020 21:00:00,26.0,0.0,0.0,38.0000001,101.9999999
343,344,2020-01-29,Inner Mongolia,China,01/29/2020 21:00:00,16.0,0.0,0.0,43.2443242,114.3251664
344,345,2020-01-29,Jilin,China,01/29/2020 21:00:00,14.0,0.0,1.0,42.9995032,125.9816054
345,346,2020-01-29,Xinjiang,China,01/29/2020 21:00:00,14.0,0.0,0.0,41.7574769,87.16738423046897
346,347,2020-01-29,Guizhou,China,01/29/2020 21:00:00,12.0,0.0,1.0,27.0,107.0
347,348,2020-01-29,Ningxia,China,01/29/2020 21:00:00,12.0,0.0,0.0,37.0000001,105.9999999
348,349,2020-01-29,Hong Kong,Hong Kong,01/29/2020 21:00:00,10.0,0.0,0.0,22.2793278,114.1628131
349,350,2020-01-29,Taiwan,Taiwan,01/29/2020 21:00:00,8.0,0.0,0.0,23.9739374,120.9820179
350,351,2020-01-29,Macau,Macau,01/29/2020 21:00:00,7.0,0.0,0.0,22.1757605,113.5514142
351,352,2020-01-29,Qinghai,China,01/29/2020 21:00:00,6.0,0.0,0.0,35.40709525,95.95211573241954
352,353,2020-01-29,Tibet,China,01/29/2020 21:00:00,1.0,0.0,0.0,31.894343149999997,87.07813712706509
353,354,2020-01-29,Washington,US,01/29/2020 21:00:00,1.0,0.0,0.0,38.8948932,-77.0365529
354,355,2020-01-29,Illinois,US,01/29/2020 21:00:00,1.0,0.0,0.0,40.0796606,-89.4337288
355,356,2020-01-29,California,US,01/29/2020 21:00:00,2.0,0.0,0.0,36.7014631,-118.7559974
356,357,2020-01-29,Arizona,US,01/29/2020 21:00:00,1.0,0.0,0.0,34.395342,-111.7632755
357,358,2020-01-29,Japan,Japan,01/29/2020 21:00:00,11.0,0.0,1.0,36.5748441,139.2394179
358,359,2020-01-29,Thailand,Thailand,01/29/2020 21:00:00,14.0,0.0,5.0,14.8971921,100.83273
359,360,2020-01-29,South Korea,South Korea,01/29/2020 21:00:00,4.0,0.0,0.0,36.5581914,127.9408564
360,361,2020-01-29,Singapore,Singapore,01/29/2020 21:00:00,10.0,0.0,0.0,1.357107,103.8194992
361,362,2020-01-29,Vietnam,Vietnam,01/29/2020 21:00:00,2.0,0.0,0.0,13.2904027,108.4265113
362,363,2020-01-29,France,France,01/29/2020 21:00:00,5.0,0.0,0.0,46.603354,1.8883335
363,364,2020-01-29,Nepal,Nepal,01/29/2020 21:00:00,1.0,0.0,0.0,28.1083929,84.0917139
364,365,2020-01-29,Malaysia,Malaysia,01/29/2020 21:00:00,7.0,0.0,0.0,4.5693754,102.2656823
365,366,2020-01-29,Ontario,Canada,01/29/2020 21:00:00,2.0,0.0,0.0,50.000678,-86.000977
366,367,2020-01-29,British Columbia,Canada,01/29/2020 21:00:00,1.0,0.0,0.0,55.001251,-125.002441
367,368,2020-01-29,Cambodia,Cambodia,01/29/2020 21:00:00,1.0,0.0,0.0,13.5066394,104.869423
368,369,2020-01-29,Sri Lanka,Sri Lanka,01/29/2020 21:00:00,1.0,0.0,0.0,7.5554942,80.7137847
369,370,2020-01-29,New South Wales,Australia,01/29/2020 21:00:00,4.0,0.0,0.0,-31.8759835,147.2869493
370,371,2020-01-29,Victoria,Australia,01/29/2020 21:00:00,2.0,0.0,0.0,-36.5986096,144.6780052
371,372,2020-01-29,Queensland,Australia,01/29/2020 21:00:00,1.0,0.0,0.0,-22.1646782,144.5844903
372,373,2020-01-29,Bavaria,Germany,01/29/2020 21:00:00,4.0,0.0,0.0,48.9467562,11.4038717
373,374,2020-01-29,Finland,Finland,01/29/2020 21:00:00,1.0,0.0,0.0,63.2467777,25.9209164
374,375,2020-01-29,United Arab Emirates,United Arab Emirates,01/29/2020 21:00:00,4.0,0.0,0.0,24.0002488,53.9994829
375,376,2020-01-30,Hubei,China,01/30/2020 21:30:00,5806.0,204.0,116.0,31.15172525,112.87832224656043
376,377,2020-01-30,Zhejiang,China,01/30/2020 21:30:00,537.0,0.0,9.0,29.0000001,119.9999999
377,378,2020-01-30,Guangdong,China,01/30/2020 21:30:00,393.0,0.0,11.0,23.1357694,113.1982688
378,379,2020-01-30,Henan,China,01/30/2020 21:30:00,352.0,2.0,3.0,34.0000001,113.9999999
379,380,2020-01-30,Hunan,China,01/30/2020 21:30:00,332.0,0.0,2.0,27.9995878,112.009538
380,381,2020-01-30,Jiangxi,China,01/30/2020 21:30:00,240.0,0.0,7.0,28.0,116.0
381,382,2020-01-30,Anhui,China,01/30/2020 21:30:00,237.0,0.0,3.0,32.0,117.0
382,383,2020-01-30,Chongqing,China,01/30/2020 21:30:00,206.0,0.0,1.0,30.05518,107.8748712
383,384,2020-01-30,Shandong,China,01/30/2020 21:30:00,178.0,0.0,2.0,36.0000001,118.9999999
384,385,2020-01-30,Sichuan,China,01/30/2020 21:30:00,177.0,1.0,1.0,30.5000001,102.4999999
385,386,2020-01-30,Jiangsu,China,01/30/2020 21:30:00,168.0,0.0,2.0,33.0000001,119.9999999
386,387,2020-01-30,Shanghai,China,01/30/2020 21:30:00,128.0,1.0,9.0,31.2322758,121.4692071
387,388,2020-01-30,Beijing,China,01/30/2020 21:30:00,121.0,1.0,5.0,39.906217,116.3912757
388,389,2020-01-30,Fujian,China,01/30/2020 21:30:00,101.0,0.0,0.0,26.5450001,117.842778
389,390,2020-01-30,Guangxi,China,01/30/2020 21:30:00,87.0,0.0,2.0,24.0,109.0
390,391,2020-01-30,Hebei,China,01/30/2020 21:30:00,82.0,1.0,0.0,39.0000001,116.0
391,392,2020-01-30,Yunnan,China,01/30/2020 21:30:00,76.0,0.0,0.0,25.0,102.0
392,393,2020-01-30,Shaanxi,China,01/30/2020 21:30:00,87.0,0.0,0.0,36.0,109.0
393,394,2020-01-30,Heilongjiang,China,01/30/2020 21:30:00,59.0,2.0,0.0,48.0000047,127.999992
394,395,2020-01-30,Hainan,China,01/30/2020 21:30:00,50.0,1.0,1.0,19.2000001,109.5999999
395,396,2020-01-30,Liaoning,China,01/30/2020 21:30:00,45.0,0.0,1.0,40.9975197,122.9955469
396,397,2020-01-30,Shanxi,China,01/30/2020 21:30:00,39.0,0.0,1.0,37.0,112.0
397,398,2020-01-30,Tianjin,China,01/30/2020 21:30:00,32.0,0.0,0.0,39.1235635,117.1980785
398,399,2020-01-30,Gansu,China,01/30/2020 21:30:00,29.0,0.0,0.0,38.0000001,101.9999999
399,400,2020-01-30,Ningxia,China,01/30/2020 21:30:00,21.0,0.0,1.0,37.0000001,105.9999999
400,401,2020-01-30,Inner Mongolia,China,01/30/2020 21:30:00,20.0,0.0,0.0,43.2443242,114.3251664
401,402,2020-01-30,Xinjiang,China,01/30/2020 21:30:00,17.0,0.0,0.0,41.7574769,87.16738423046897
402,403,2020-01-30,Guizhou,China,01/30/2020 21:30:00,15.0,0.0,1.0,27.0,107.0
403,404,2020-01-30,Jilin,China,01/30/2020 21:30:00,14.0,0.0,1.0,42.9995032,125.9816054
404,405,2020-01-30,Hong Kong,Hong Kong,01/30/2020 21:30:00,12.0,0.0,0.0,22.2793278,114.1628131
405,406,2020-01-30,Taiwan,Taiwan,01/30/2020 21:30:00,9.0,0.0,0.0,23.9739374,120.9820179
406,407,2020-01-30,Qinghai,China,01/30/2020 21:30:00,8.0,0.0,0.0,35.40709525,95.95211573241954
407,408,2020-01-30,Macau,Macau,01/30/2020 21:30:00,7.0,0.0,0.0,22.1757605,113.5514142
408,409,2020-01-30,Tibet,China,01/30/2020 21:30:00,1.0,0.0,0.0,31.894343149999997,87.07813712706509
409,410,2020-01-30,Washington,US,01/30/2020 21:30:00,1.0,0.0,0.0,38.8948932,-77.0365529
410,411,2020-01-30,Illinois,US,01/30/2020 21:30:00,2.0,0.0,0.0,40.0796606,-89.4337288
411,412,2020-01-30,California,US,01/30/2020 21:30:00,2.0,0.0,0.0,36.7014631,-118.7559974
412,413,2020-01-30,Arizona,US,01/30/2020 21:30:00,1.0,0.0,0.0,34.395342,-111.7632755
413,414,2020-01-30,Japan,Japan,01/30/2020 21:30:00,11.0,0.0,1.0,36.5748441,139.2394179
414,415,2020-01-30,Thailand,Thailand,01/30/2020 21:30:00,14.0,0.0,5.0,14.8971921,100.83273
415,416,2020-01-30,South Korea,South Korea,01/30/2020 21:30:00,6.0,0.0,0.0,36.5581914,127.9408564
416,417,2020-01-30,Singapore,Singapore,01/30/2020 21:30:00,10.0,0.0,0.0,1.357107,103.8194992
417,418,2020-01-30,Vietnam,Vietnam,01/30/2020 21:30:00,2.0,0.0,0.0,13.2904027,108.4265113
418,419,2020-01-30,France,France,01/30/2020 21:30:00,5.0,0.0,0.0,46.603354,1.8883335
419,420,2020-01-30,Nepal,Nepal,01/30/2020 21:30:00,1.0,0.0,0.0,28.1083929,84.0917139
420,421,2020-01-30,Malaysia,Malaysia,01/30/2020 21:30:00,8.0,0.0,0.0,4.5693754,102.2656823
421,422,2020-01-30,Ontario,Canada,01/30/2020 21:30:00,2.0,0.0,0.0,50.000678,-86.000977
422,423,2020-01-30,British Columbia,Canada,01/30/2020 21:30:00,1.0,0.0,0.0,55.001251,-125.002441
423,424,2020-01-30,Cambodia,Cambodia,01/30/2020 21:30:00,1.0,0.0,0.0,13.5066394,104.869423
424,425,2020-01-30,Sri Lanka,Sri Lanka,01/30/2020 21:30:00,1.0,0.0,0.0,7.5554942,80.7137847
425,426,2020-01-30,New South Wales,Australia,01/30/2020 21:30:00,4.0,0.0,2.0,-31.8759835,147.2869493
426,427,2020-01-30,Victoria,Australia,01/30/2020 21:30:00,2.0,0.0,0.0,-36.5986096,144.6780052
427,428,2020-01-30,Queensland,Australia,01/30/2020 21:30:00,3.0,0.0,0.0,-22.1646782,144.5844903
428,429,2020-01-30,Bavaria,Germany,01/30/2020 21:30:00,4.0,0.0,0.0,48.9467562,11.4038717
429,430,2020-01-30,Finland,Finland,01/30/2020 21:30:00,1.0,0.0,0.0,63.2467777,25.9209164
430,431,2020-01-30,United Arab Emirates,United Arab Emirates,01/30/2020 21:30:00,4.0,0.0,0.0,24.0002488,53.9994829
431,432,2020-01-30,Philippines,Philippines,01/30/2020 21:30:00,1.0,0.0,0.0,12.7503486,122.7312101
432,433,2020-01-30,India,India,01/30/2020 21:30:00,1.0,0.0,0.0,22.3511148,78.6677428
433,434,2020-01-30,Italy,Italy,01/30/2020 21:30:00,2.0,0.0,0.0,42.6384261,12.674297
434,435,2020-01-31,Hubei,China,01/31/2020 19:00:00,7153.0,249.0,169.0,31.15172525,112.87832224656043
435,436,2020-01-31,Zhejiang,China,01/31/2020 19:00:00,537.0,0.0,14.0,29.0000001,119.9999999
436,437,2020-01-31,Guangdong,China,01/31/2020 19:00:00,436.0,0.0,10.0,23.1357694,113.1982688
437,438,2020-01-31,Henan,China,01/31/2020 19:00:00,352.0,2.0,3.0,34.0000001,113.9999999
438,439,2020-01-31,Hunan,China,01/31/2020 19:00:00,332.0,0.0,3.0,27.9995878,112.009538
439,440,2020-01-31,Jiangxi,China,01/31/2020 19:00:00,240.0,0.0,7.0,28.0,116.0
440,441,2020-01-31,Chongqing,China,01/31/2020 19:00:00,238.0,1.0,1.0,30.05518,107.8748712
441,442,2020-01-31,Anhui,China,01/31/2020 19:00:00,237.0,0.0,3.0,32.0,117.0
442,443,2020-01-31,Shandong,China,01/31/2020 19:00:00,184.0,0.0,2.0,36.0000001,118.9999999
443,444,2020-01-31,Sichuan,China,01/31/2020 19:00:00,177.0,1.0,1.0,30.5000001,102.4999999
444,445,2020-01-31,Jiangsu,China,01/31/2020 19:00:00,168.0,0.0,5.0,33.0000001,119.9999999
445,446,2020-01-31,Shanghai,China,01/31/2020 19:00:00,153.0,1.0,9.0,31.2322758,121.4692071
446,447,2020-01-31,Beijing,China,01/31/2020 19:00:00,139.0,1.0,5.0,39.906217,116.3912757
447,448,2020-01-31,Fujian,China,01/31/2020 19:00:00,120.0,0.0,0.0,26.5450001,117.842778
448,449,2020-01-31,Hebei,China,01/31/2020 19:00:00,96.0,1.0,0.0,39.0000001,116.0
449,450,2020-01-31,Guangxi,China,01/31/2020 19:00:00,88.0,0.0,2.0,24.0,109.0
450,451,2020-01-31,Shaanxi,China,01/31/2020 19:00:00,87.0,0.0,0.0,36.0,109.0
451,452,2020-01-31,Yunnan,China,01/31/2020 19:00:00,83.0,0.0,1.0,25.0,102.0
452,453,2020-01-31,Liaoning,China,01/31/2020 19:00:00,60.0,0.0,1.0,40.9975197,122.9955469
453,454,2020-01-31,Heilongjiang,China,01/31/2020 19:00:00,59.0,2.0,0.0,48.0000047,127.999992
454,455,2020-01-31,Hainan,China,01/31/2020 19:00:00,58.0,1.0,1.0,19.2000001,109.5999999
455,456,2020-01-31,Shanxi,China,01/31/2020 19:00:00,47.0,0.0,1.0,37.0,112.0
456,457,2020-01-31,Gansu,China,01/31/2020 19:00:00,35.0,0.0,0.0,38.0000001,101.9999999
457,458,2020-01-31,Tianjin,China,01/31/2020 19:00:00,32.0,0.0,0.0,39.1235635,117.1980785
458,459,2020-01-31,Guizhou,China,01/31/2020 19:00:00,29.0,0.0,2.0,27.0,107.0
459,460,2020-01-31,Ningxia,China,01/31/2020 19:00:00,21.0,0.0,1.0,37.0000001,105.9999999
460,461,2020-01-31,Inner Mongolia,China,01/31/2020 19:00:00,20.0,0.0,0.0,43.2443242,114.3251664
461,462,2020-01-31,Xinjiang,China,01/31/2020 19:00:00,17.0,0.0,0.0,41.7574769,87.16738423046897
462,463,2020-01-31,Jilin,China,01/31/2020 19:00:00,14.0,0.0,1.0,42.9995032,125.9816054
463,464,2020-01-31,Hong Kong,Hong Kong,01/31/2020 19:00:00,13.0,0.0,0.0,22.2793278,114.1628131
464,465,2020-01-31,Taiwan,Taiwan,01/31/2020 19:00:00,10.0,0.0,0.0,23.9739374,120.9820179
465,466,2020-01-31,Qinghai,China,01/31/2020 19:00:00,8.0,0.0,0.0,35.40709525,95.95211573241954
466,467,2020-01-31,Macau,Macau,01/31/2020 19:00:00,7.0,0.0,0.0,22.1757605,113.5514142
467,468,2020-01-31,Tibet,China,01/31/2020 19:00:00,1.0,0.0,0.0,31.894343149999997,87.07813712706509
468,469,2020-01-31,Washington,US,01/31/2020 19:00:00,1.0,0.0,0.0,38.8948932,-77.0365529
469,470,2020-01-31,Illinois,US,01/31/2020 19:00:00,2.0,0.0,0.0,40.0796606,-89.4337288
470,471,2020-01-31,California,US,01/31/2020 19:00:00,3.0,0.0,0.0,36.7014631,-118.7559974
471,472,2020-01-31,Arizona,US,01/31/2020 19:00:00,1.0,0.0,0.0,34.395342,-111.7632755
472,473,2020-01-31,Japan,Japan,01/31/2020 19:00:00,17.0,0.0,1.0,36.5748441,139.2394179
473,474,2020-01-31,Thailand,Thailand,01/31/2020 19:00:00,19.0,0.0,7.0,14.8971921,100.83273
474,475,2020-01-31,South Korea,South Korea,01/31/2020 19:00:00,11.0,0.0,0.0,36.5581914,127.9408564
475,476,2020-01-31,Singapore,Singapore,01/31/2020 19:00:00,16.0,0.0,0.0,1.357107,103.8194992
476,477,2020-01-31,Vietnam,Vietnam,01/31/2020 19:00:00,2.0,0.0,0.0,13.2904027,108.4265113
477,478,2020-01-31,France,France,01/31/2020 19:00:00,6.0,0.0,0.0,46.603354,1.8883335
478,479,2020-01-31,Nepal,Nepal,01/31/2020 19:00:00,1.0,0.0,0.0,28.1083929,84.0917139
479,480,2020-01-31,Malaysia,Malaysia,01/31/2020 19:00:00,8.0,0.0,0.0,4.5693754,102.2656823
480,481,2020-01-31,Ontario,Canada,01/31/2020 19:00:00,2.0,0.0,0.0,50.000678,-86.000977
481,482,2020-01-31,British Columbia,Canada,01/31/2020 19:00:00,1.0,0.0,0.0,55.001251,-125.002441
482,483,2020-01-31,Cambodia,Cambodia,01/31/2020 19:00:00,1.0,0.0,0.0,13.5066394,104.869423
483,484,2020-01-31,Sri Lanka,Sri Lanka,01/31/2020 19:00:00,1.0,0.0,0.0,7.5554942,80.7137847
484,485,2020-01-31,New South Wales,Australia,01/31/2020 19:00:00,4.0,0.0,2.0,-31.8759835,147.2869493
485,486,2020-01-31,Victoria,Australia,01/31/2020 19:00:00,2.0,0.0,0.0,-36.5986096,144.6780052
486,487,2020-01-31,Queensland,Australia,01/31/2020 19:00:00,3.0,0.0,0.0,-22.1646782,144.5844903
487,488,2020-01-31,Bavaria,Germany,01/31/2020 19:00:00,7.0,0.0,0.0,48.9467562,11.4038717
488,489,2020-01-31,Finland,Finland,01/31/2020 19:00:00,1.0,0.0,0.0,63.2467777,25.9209164
489,490,2020-01-31,United Arab Emirates,United Arab Emirates,01/31/2020 19:00:00,4.0,0.0,0.0,24.0002488,53.9994829
490,491,2020-01-31,Philippines,Philippines,01/31/2020 19:00:00,1.0,0.0,0.0,12.7503486,122.7312101
491,492,2020-01-31,India,India,01/31/2020 19:00:00,1.0,0.0,0.0,22.3511148,78.6677428
492,493,2020-01-31,Italy,Italy,01/31/2020 19:00:00,2.0,0.0,0.0,42.6384261,12.674297
493,494,2020-01-31,Sweden,Sweden,01/31/2020 19:00:00,1.0,0.0,0.0,59.6749712,14.5208584
494,495,2020-01-31,Russia,Russia,01/31/2020 19:00:00,2.0,0.0,0.0,64.6863136,97.7453061
495,496,2020-01-31,Spain,Spain,01/31/2020 19:00:00,1.0,0.0,0.0,39.3262345,-4.8380649
496,497,2020-01-31,UK,UK,01/31/2020 19:00:00,2.0,0.0,0.0,54.7023545,-3.2765753
497,498,2020-02-01,Hubei,China,2020-01-02 23:33:00,9074.0,294.0,215.0,31.15172525,112.87832224656043
498,499,2020-02-01,Zhejiang,China,2020-02-02 02:13:00,661.0,0.0,23.0,29.0000001,119.9999999
499,500,2020-02-01,Guangdong,China,2020-02-02 01:23:00,604.0,0.0,14.0,23.1357694,113.1982688
500,501,2020-02-01,Henan,China,2020-02-02 00:53:00,493.0,2.0,4.0,34.0000001,113.9999999
501,502,2020-02-01,Hunan,China,2020-02-02 01:53:00,463.0,0.0,8.0,27.9995878,112.009538
502,503,2020-02-01,Anhui,China,2020-02-02 01:33:00,340.0,0.0,5.0,32.0,117.0
503,504,2020-02-01,Jiangxi,China,2020-02-02 01:23:00,333.0,0.0,10.0,28.0,116.0
504,505,2020-02-01,Chongqing,China,2020-01-02 23:43:00,262.0,1.0,3.0,30.05518,107.8748712
505,506,2020-02-01,Jiangsu,China,2020-02-02 01:13:00,236.0,0.0,6.0,33.0000001,119.9999999
506,507,2020-02-01,Sichuan,China,2020-02-02 01:03:00,231.0,1.0,3.0,30.5000001,102.4999999
507,508,2020-02-01,Shandong,China,2020-02-02 01:03:00,225.0,0.0,5.0,36.0000001,118.9999999
508,509,2020-02-01,Beijing,China,2020-02-02 03:05:00,183.0,1.0,9.0,39.906217,116.3912757
509,510,2020-02-01,Shanghai,China,2020-02-02 00:23:00,177.0,1.0,10.0,31.2322758,121.4692071
510,511,2020-02-01,Fujian,China,2020-02-02 03:43:00,159.0,0.0,0.0,26.5450001,117.842778
511,512,2020-02-01,Shaanxi,China,2020-02-02 03:23:00,116.0,0.0,0.0,36.0,109.0
512,513,2020-02-01,Guangxi,China,2020-02-02 00:23:00,111.0,0.0,2.0,24.0,109.0
513,514,2020-02-01,Hebei,China,2020-02-02 02:53:00,104.0,1.0,3.0,39.0000001,116.0
514,515,2020-02-01,Heilongjiang,China,2020-02-02 03:23:00,95.0,2.0,2.0,48.0000047,127.999992
515,516,2020-02-01,Yunnan,China,2020-01-02 15:53:00,93.0,0.0,2.0,25.0,102.0
516,517,2020-02-01,Liaoning,China,2020-01-02 15:23:00,64.0,0.0,1.0,40.9975197,122.9955469
517,518,2020-02-01,Hainan,China,2020-02-02 01:03:00,63.0,1.0,1.0,19.2000001,109.5999999
518,519,2020-02-01,Shanxi,China,2020-01-02 23:33:00,56.0,0.0,1.0,37.0,112.0
519,520,2020-02-01,Tianjin,China,2020-02-02 02:03:00,45.0,0.0,0.0,39.1235635,117.1980785
520,521,2020-02-01,Gansu,China,2020-01-02 15:43:00,40.0,0.0,0.0,38.0000001,101.9999999
521,522,2020-02-01,Guizhou,China,2020-02-02 01:03:00,38.0,0.0,2.0,27.0,107.0
522,523,2020-02-01,Ningxia,China,2020-02-02 01:43:00,28.0,0.0,0.0,37.0000001,105.9999999
523,524,2020-02-01,Inner Mongolia,China,2020-02-02 03:43:00,27.0,0.0,1.0,43.2443242,114.3251664
524,525,2020-02-01,Jilin,China,2020-02-02 02:33:00,23.0,0.0,1.0,42.9995032,125.9816054
525,526,2020-02-01,Xinjiang,China,2020-02-02 00:43:00,21.0,0.0,0.0,41.7574769,87.16738423046897
526,527,2020-02-01,Japan,Japan,2020-01-02 18:53:00,20.0,0.0,1.0,36.5748441,139.2394179
527,528,2020-02-01,Thailand,Thailand,1/31/2020 10:37,19.0,0.0,5.0,14.8971921,100.83273
528,529,2020-02-01,Singapore,Singapore,2020-02-02 01:03:00,18.0,0.0,0.0,1.357107,103.8194992
529,530,2020-02-01,South Korea,South Korea,2020-02-02 02:23:00,15.0,0.0,0.0,36.5581914,127.9408564
530,531,2020-02-01,Hong Kong,Hong Kong,2020-02-02 01:03:00,14.0,0.0,0.0,22.2793278,114.1628131
531,532,2020-02-01,Taiwan,Taiwan,1/31/2020 15:20,10.0,0.0,0.0,23.9739374,120.9820179
532,533,2020-02-01,Qinghai,China,2020-01-02 05:37:00,9.0,0.0,0.0,35.40709525,95.95211573241954
534,535,2020-02-01,Malaysia,Malaysia,1/31/2020 8:15,8.0,0.0,0.0,4.5693754,102.2656823
535,536,2020-02-01,Macau,Macau,1/31/2020 8:15,7.0,0.0,0.0,22.1757605,113.5514142
536,537,2020-02-01,France,France,2020-01-02 01:52:00,6.0,0.0,0.0,46.603354,1.8883335
537,538,2020-02-01,Vietnam,Vietnam,2020-01-02 07:38:00,6.0,0.0,1.0,13.2904027,108.4265113
538,539,2020-02-01,New South Wales,Australia,2020-01-02 18:12:00,4.0,0.0,2.0,-31.8759835,147.2869493
539,540,2020-02-01,Victoria,Australia,2020-01-02 18:12:00,4.0,0.0,0.0,-36.5986096,144.6780052
540,541,2020-02-01,United Arab Emirates,United Arab Emirates,1/31/2020 8:15,4.0,0.0,0.0,24.0002488,53.9994829
541,542,2020-02-01,Queensland,Australia,2020-01-02 18:12:00,2.0,0.0,0.0,-22.1646782,144.5844903
542,543,2020-02-01,Ontario,Canada,2020-01-02 18:12:00,3.0,0.0,0.0,50.000678,-86.000977
543,544,2020-02-01,Italy,Italy,1/31/2020 8:15,2.0,0.0,0.0,42.6384261,12.674297
544,545,2020-02-01,Philippines,Philippines,2020-02-02 03:33:00,2.0,1.0,0.0,12.7503486,122.7312101
545,546,2020-02-01,Russia,Russia,1/31/2020 16:13,2.0,0.0,0.0,64.6863136,97.7453061
546,547,2020-02-01,UK,UK,2020-01-02 01:52:00,2.0,0.0,0.0,54.7023545,-3.2765753
547,548,2020-02-01,"Chicago, IL",US,2020-01-02 19:43:00,2.0,0.0,0.0,41.8755616,-87.6244212
548,549,2020-02-01,South Australia,Australia,2020-01-02 18:12:00,2.0,0.0,0.0,-30.5343665,135.6301212
549,550,2020-02-01,Cambodia,Cambodia,1/31/2020 8:15,1.0,0.0,0.0,13.5066394,104.869423
550,551,2020-02-01,British Columbia,Canada,2020-01-02 18:12:00,1.0,0.0,0.0,55.001251,-125.002441
551,552,2020-02-01,Finland,Finland,1/31/2020 8:15,1.0,0.0,0.0,63.2467777,25.9209164
552,553,2020-02-01,India,India,1/31/2020 8:15,1.0,0.0,0.0,22.3511148,78.6677428
553,554,2020-02-01,Tibet,China,2020-01-02 01:52:00,1.0,0.0,0.0,31.894343149999997,87.07813712706509
554,555,2020-02-01,Nepal,Nepal,1/31/2020 8:15,1.0,0.0,0.0,28.1083929,84.0917139
555,556,2020-02-01,Spain,Spain,2020-01-02 23:43:00,1.0,0.0,0.0,39.3262345,-4.8380649
556,557,2020-02-01,Sri Lanka,Sri Lanka,1/31/2020 8:15,1.0,0.0,0.0,7.5554942,80.7137847
557,558,2020-02-01,Sweden,Sweden,2020-01-02 02:13:00,1.0,0.0,0.0,59.6749712,14.5208584
558,559,2020-02-01,"Boston, MA",US,2020-01-02 19:43:00,1.0,0.0,0.0,42.3602534,-71.0582912
559,560,2020-02-01,"Los Angeles, CA",US,2020-01-02 19:53:00,1.0,0.0,0.0,34.0536909,-118.2427666
560,561,2020-02-01,"Orange, CA",US,2020-01-02 19:53:00,1.0,0.0,0.0,29.7742659,-95.3341066
561,562,2020-02-01,"Santa Clara, CA",US,2020-01-02 19:53:00,1.0,0.0,0.0,37.3541132,-121.9551744
562,563,2020-02-01,"Seattle, WA",US,2020-01-02 19:43:00,1.0,0.0,0.0,47.6038321,-122.3300624
563,564,2020-02-01,"Tempe, AZ",US,2020-01-02 19:43:00,1.0,0.0,0.0,33.4255056,-111.9400125
564,565,2020-02-02,Hubei,China,2020-02-02 23:43:00,11177.0,350.0,295.0,31.15172525,112.87832224656043
565,566,2020-02-02,Zhejiang,China,2020-03-02 01:33:00,724.0,0.0,36.0,29.0000001,119.9999999
566,567,2020-02-02,Guangdong,China,2020-03-02 01:33:00,683.0,0.0,15.0,23.1357694,113.1982688
567,568,2020-02-02,Henan,China,2020-03-02 01:03:00,566.0,2.0,14.0,34.0000001,113.9999999
568,569,2020-02-02,Hunan,China,2020-03-02 01:33:00,521.0,0.0,16.0,27.9995878,112.009538
569,570,2020-02-02,Anhui,China,2020-03-02 00:53:00,408.0,0.0,7.0,32.0,117.0
570,571,2020-02-02,Jiangxi,China,2020-03-02 01:33:00,391.0,0.0,18.0,28.0,116.0
571,572,2020-02-02,Chongqing,China,2020-02-02 23:33:00,300.0,2.0,7.0,30.05518,107.8748712
572,573,2020-02-02,Jiangsu,China,2020-03-02 01:03:00,271.0,0.0,7.0,33.0000001,119.9999999
573,574,2020-02-02,Sichuan,China,2020-03-02 01:03:00,254.0,1.0,12.0,30.5000001,102.4999999
574,575,2020-02-02,Shandong,China,2020-03-02 01:13:00,246.0,0.0,6.0,36.0000001,118.9999999
575,576,2020-02-02,Shanghai,China,2020-03-02 00:03:00,193.0,1.0,10.0,31.2322758,121.4692071
576,577,2020-02-02,Beijing,China,2020-02-02 08:43:00,191.0,1.0,9.0,39.906217,116.3912757
577,578,2020-02-02,Fujian,China,2020-02-02 03:43:00,159.0,0.0,0.0,26.5450001,117.842778
578,579,2020-02-02,Guangxi,China,2020-03-02 00:13:00,127.0,0.0,2.0,24.0,109.0
579,580,2020-02-02,Shaanxi,China,2020-02-02 03:23:00,116.0,0.0,0.0,36.0,109.0
580,581,2020-02-02,Hebei,China,2020-03-02 00:23:00,113.0,1.0,3.0,39.0000001,116.0
581,582,2020-02-02,Yunnan,China,2020-02-02 18:03:00,105.0,0.0,3.0,25.0,102.0
582,583,2020-02-02,Heilongjiang,China,2020-02-02 03:23:00,95.0,2.0,2.0,48.0000047,127.999992
583,584,2020-02-02,Hainan,China,2020-03-02 00:43:00,71.0,1.0,4.0,19.2000001,109.5999999
584,585,2020-02-02,Liaoning,China,2020-02-02 18:03:00,70.0,0.0,1.0,40.9975197,122.9955469
585,586,2020-02-02,Shanxi,China,2020-02-02 23:23:00,66.0,0.0,3.0,37.0,112.0
586,587,2020-02-02,Gansu,China,2020-02-02 23:43:00,51.0,0.0,3.0,38.0000001,101.9999999
587,588,2020-02-02,Tianjin,China,2020-02-02 09:43:00,48.0,0.0,1.0,39.1235635,117.1980785
588,589,2020-02-02,Guizhou,China,2020-03-02 01:03:00,46.0,0.0,2.0,27.0,107.0
589,590,2020-02-02,Jilin,China,2020-03-02 00:53:00,31.0,0.0,1.0,42.9995032,125.9816054
590,591,2020-02-02,Ningxia,China,2020-02-02 01:43:00,28.0,0.0,0.0,37.0000001,105.9999999
591,592,2020-02-02,Inner Mongolia,China,2020-02-02 03:43:00,27.0,0.0,1.0,43.2443242,114.3251664
592,593,2020-02-02,Xinjiang,China,2020-03-02 01:13:00,24.0,0.0,0.0,41.7574769,87.16738423046897
593,594,2020-02-02,Japan,Japan,2020-01-02 18:53:00,20.0,0.0,1.0,36.5748441,139.2394179
594,595,2020-02-02,Thailand,Thailand,1/31/2020 10:37,19.0,0.0,5.0,14.8971921,100.83273
595,596,2020-02-02,Singapore,Singapore,2020-02-02 01:03:00,18.0,0.0,0.0,1.357107,103.8194992
596,597,2020-02-02,Hong Kong,Hong Kong,2020-02-02 23:53:00,15.0,0.0,0.0,22.2793278,114.1628131
597,598,2020-02-02,South Korea,South Korea,2020-02-02 02:23:00,15.0,0.0,0.0,36.5581914,127.9408564
598,599,2020-02-02,Qinghai,China,2020-02-02 05:33:00,11.0,0.0,0.0,35.40709525,95.95211573241954
600,601,2020-02-02,Taiwan,Taiwan,1/31/2020 15:20,10.0,0.0,0.0,23.9739374,120.9820179
601,602,2020-02-02,Macau,Macau,2020-02-02 04:23:00,8.0,0.0,0.0,22.1757605,113.5514142
602,603,2020-02-02,Malaysia,Malaysia,1/31/2020 8:15,8.0,0.0,0.0,4.5693754,102.2656823
603,604,2020-02-02,France,France,2020-01-02 01:52:00,6.0,0.0,0.0,46.603354,1.8883335
604,605,2020-02-02,Vietnam,Vietnam,2020-01-02 07:38:00,6.0,0.0,1.0,13.2904027,108.4265113
605,606,2020-02-02,United Arab Emirates,United Arab Emirates,2020-02-02 05:43:00,5.0,0.0,0.0,24.0002488,53.9994829
606,607,2020-02-02,New South Wales,Australia,2020-01-02 18:12:00,4.0,0.0,2.0,-31.8759835,147.2869493
607,608,2020-02-02,Victoria,Australia,2020-01-02 18:12:00,4.0,0.0,0.0,-36.5986096,144.6780052
608,609,2020-02-02,Ontario,Canada,2020-01-02 18:12:00,3.0,0.0,0.0,50.000678,-86.000977
609,610,2020-02-02,Queensland,Australia,2020-02-02 22:33:00,2.0,0.0,0.0,-22.1646782,144.5844903
610,611,2020-02-02,South Australia,Australia,2020-02-02 22:33:00,2.0,0.0,0.0,-30.5343665,135.6301212
611,612,2020-02-02,India,India,2020-02-02 06:03:00,2.0,0.0,0.0,22.3511148,78.6677428
612,613,2020-02-02,Italy,Italy,1/31/2020 8:15,2.0,0.0,0.0,42.6384261,12.674297
613,614,2020-02-02,Philippines,Philippines,2020-02-02 03:33:00,2.0,1.0,0.0,12.7503486,122.7312101
614,615,2020-02-02,Russia,Russia,1/31/2020 16:13,2.0,0.0,0.0,64.6863136,97.7453061
615,616,2020-02-02,UK,UK,2020-01-02 01:52:00,2.0,0.0,0.0,54.7023545,-3.2765753
616,617,2020-02-02,"Chicago, IL",US,2020-01-02 19:43:00,2.0,0.0,0.0,41.8755616,-87.6244212
617,618,2020-02-02,"Santa Clara, CA",US,2020-03-02 00:43:00,2.0,0.0,0.0,37.3541132,-121.9551744
618,619,2020-02-02,Cambodia,Cambodia,1/31/2020 8:15,1.0,0.0,0.0,13.5066394,104.869423
619,620,2020-02-02,British Columbia,Canada,2020-01-02 18:12:00,1.0,0.0,0.0,55.001251,-125.002441
620,621,2020-02-02,Finland,Finland,1/31/2020 8:15,1.0,0.0,0.0,63.2467777,25.9209164
621,622,2020-02-02,Tibet,China,2020-01-02 01:52:00,1.0,0.0,0.0,31.894343149999997,87.07813712706509
622,623,2020-02-02,Nepal,Nepal,1/31/2020 8:15,1.0,0.0,0.0,28.1083929,84.0917139
623,624,2020-02-02,Spain,Spain,2020-01-02 23:43:00,1.0,0.0,0.0,39.3262345,-4.8380649
624,625,2020-02-02,Sri Lanka,Sri Lanka,1/31/2020 8:15,1.0,0.0,0.0,7.5554942,80.7137847
625,626,2020-02-02,Sweden,Sweden,2020-01-02 02:13:00,1.0,0.0,0.0,59.6749712,14.5208584
626,627,2020-02-02,"Boston, MA",US,2020-01-02 19:43:00,1.0,0.0,0.0,42.3602534,-71.0582912
627,628,2020-02-02,"Los Angeles, CA",US,2020-01-02 19:53:00,1.0,0.0,0.0,34.0536909,-118.2427666
628,629,2020-02-02,"Orange, CA",US,2020-01-02 19:53:00,1.0,0.0,0.0,29.7742659,-95.3341066
629,630,2020-02-02,"Seattle, WA",US,2020-01-02 19:43:00,1.0,0.0,0.0,47.6038321,-122.3300624
630,631,2020-02-02,"Tempe, AZ",US,2020-01-02 19:43:00,1.0,0.0,0.0,33.4255056,-111.9400125
631,632,2020-02-03,Hubei,China,2020-04-02 01:23:00,13522.0,414.0,396.0,31.15172525,112.87832224656043
632,633,2020-02-03,Zhejiang,China,2020-04-02 01:43:00,829.0,0.0,48.0,29.0000001,119.9999999
633,634,2020-02-03,Guangdong,China,2020-04-02 01:43:00,797.0,0.0,21.0,23.1357694,113.1982688
634,635,2020-02-03,Henan,China,2020-04-02 01:23:00,675.0,2.0,20.0,34.0000001,113.9999999
635,636,2020-02-03,Hunan,China,2020-04-02 01:43:00,593.0,0.0,22.0,27.9995878,112.009538
636,637,2020-02-03,Anhui,China,2020-04-02 00:43:00,480.0,0.0,14.0,32.0,117.0
637,638,2020-02-03,Jiangxi,China,2020-04-02 01:43:00,476.0,0.0,19.0,28.0,116.0
638,639,2020-02-03,Chongqing,China,2020-03-02 23:43:00,337.0,2.0,9.0,30.05518,107.8748712
639,640,2020-02-03,Jiangsu,China,2020-04-02 01:03:00,308.0,0.0,8.0,33.0000001,119.9999999
640,641,2020-02-03,Sichuan,China,2020-04-02 01:43:00,282.0,1.0,14.0,30.5000001,102.4999999
641,642,2020-02-03,Shandong,China,2020-04-02 00:53:00,270.0,0.0,7.0,36.0000001,118.9999999
642,643,2020-02-03,Beijing,China,2020-03-02 09:23:00,212.0,1.0,12.0,39.906217,116.3912757
643,644,2020-02-03,Shanghai,China,2020-04-02 00:13:00,208.0,1.0,10.0,31.2322758,121.4692071
644,645,2020-02-03,Fujian,China,2020-03-02 11:33:00,179.0,0.0,1.0,26.5450001,117.842778
645,646,2020-02-03,Heilongjiang,China,2020-04-02 00:53:00,155.0,2.0,2.0,48.0000047,127.999992
646,647,2020-02-03,Shaanxi,China,2020-04-02 02:33:00,142.0,0.0,1.0,36.0,109.0
647,648,2020-02-03,Guangxi,China,2020-04-02 00:33:00,139.0,0.0,7.0,24.0,109.0
648,649,2020-02-03,Hebei,China,2020-04-02 00:23:00,126.0,1.0,3.0,39.0000001,116.0
649,650,2020-02-03,Yunnan,China,2020-03-02 23:23:00,117.0,0.0,5.0,25.0,102.0
650,651,2020-02-03,Hainan,China,2020-04-02 00:43:00,79.0,1.0,4.0,19.2000001,109.5999999
651,652,2020-02-03,Liaoning,China,2020-03-02 17:11:00,74.0,0.0,1.0,40.9975197,122.9955469
652,653,2020-02-03,Shanxi,China,2020-03-02 23:13:00,74.0,0.0,2.0,37.0,112.0
653,654,2020-02-03,Tianjin,China,2020-03-02 13:53:00,60.0,0.0,1.0,39.1235635,117.1980785
654,655,2020-02-03,Guizhou,China,2020-04-02 01:03:00,56.0,0.0,2.0,27.0,107.0
655,656,2020-02-03,Gansu,China,2020-03-02 23:03:00,55.0,0.0,3.0,38.0000001,101.9999999
656,657,2020-02-03,Jilin,China,2020-04-02 00:23:00,42.0,0.0,1.0,42.9995032,125.9816054
657,658,2020-02-03,Inner Mongolia,China,2020-03-02 03:03:00,34.0,0.0,1.0,43.2443242,114.3251664
658,659,2020-02-03,Ningxia,China,2020-04-02 02:13:00,34.0,0.0,1.0,37.0000001,105.9999999
659,660,2020-02-03,Xinjiang,China,2020-04-02 01:33:00,29.0,0.0,0.0,41.7574769,87.16738423046897
660,661,2020-02-03,Japan,Japan,2020-01-02 18:53:00,20.0,0.0,1.0,36.5748441,139.2394179
661,662,2020-02-03,Thailand,Thailand,1/31/20 10:37,19.0,0.0,5.0,14.8971921,100.83273
662,663,2020-02-03,Singapore,Singapore,2020-02-02 01:03:00,18.0,0.0,0.0,1.357107,103.8194992
663,664,2020-02-03,Hong Kong,Hong Kong,2020-02-02 23:53:00,15.0,0.0,0.0,22.2793278,114.1628131
664,665,2020-02-03,Qinghai,China,2020-04-02 01:33:00,15.0,0.0,0.0,35.40709525,95.95211573241954
665,666,2020-02-03,South Korea,South Korea,2020-02-02 02:23:00,15.0,0.0,0.0,36.5581914,127.9408564
667,668,2020-02-03,Taiwan,Taiwan,1/31/20 15:20,10.0,0.0,0.0,23.9739374,120.9820179
668,669,2020-02-03,Macau,Macau,2020-02-02 04:23:00,8.0,0.0,0.0,22.1757605,113.5514142
669,670,2020-02-03,Malaysia,Malaysia,1/31/20 8:15,8.0,0.0,0.0,4.5693754,102.2656823
670,671,2020-02-03,Vietnam,Vietnam,2020-03-02 21:43:00,8.0,0.0,1.0,13.2904027,108.4265113
671,672,2020-02-03,France,France,2020-01-02 01:52:00,6.0,0.0,0.0,46.603354,1.8883335
672,673,2020-02-03,United Arab Emirates,United Arab Emirates,2020-02-02 05:43:00,5.0,0.0,0.0,24.0002488,53.9994829
673,674,2020-02-03,New South Wales,Australia,2020-01-02 18:12:00,4.0,0.0,2.0,-31.8759835,147.2869493
674,675,2020-02-03,Victoria,Australia,2020-01-02 18:12:00,4.0,0.0,0.0,-36.5986096,144.6780052
675,676,2020-02-03,India,India,2020-03-02 21:43:00,3.0,0.0,0.0,22.3511148,78.6677428
676,677,2020-02-03,Queensland,Australia,2020-02-02 22:33:00,2.0,0.0,0.0,-22.1646782,144.5844903
677,678,2020-02-03,South Australia,Australia,2020-02-02 22:33:00,2.0,0.0,0.0,-30.5343665,135.6301212
678,679,2020-02-03,"Toronto, ON",Canada,2020-04-02 00:13:00,2.0,0.0,0.0,43.656394399999996,-79.3825968560406
679,680,2020-02-03,Italy,Italy,1/31/20 8:15,2.0,0.0,0.0,42.6384261,12.674297
680,681,2020-02-03,Philippines,Philippines,2020-02-02 03:33:00,2.0,1.0,0.0,12.7503486,122.7312101
681,682,2020-02-03,Russia,Russia,1/31/20 16:13,2.0,0.0,0.0,64.6863136,97.7453061
682,683,2020-02-03,UK,UK,2020-01-02 01:52:00,2.0,0.0,0.0,54.7023545,-3.2765753
683,684,2020-02-03,"Chicago, IL",US,2020-01-02 19:43:00,2.0,0.0,0.0,41.8755616,-87.6244212
684,685,2020-02-03,"San Benito, CA",US,2020-03-02 03:53:00,2.0,0.0,0.0,26.1326237,-97.630791
685,686,2020-02-03,"Santa Clara, CA",US,2020-03-02 00:43:00,2.0,0.0,0.0,37.3541132,-121.9551744
686,687,2020-02-03,Cambodia,Cambodia,1/31/20 8:15,1.0,0.0,0.0,13.5066394,104.869423
687,688,2020-02-03,British Columbia,Canada,2020-01-02 18:12:00,1.0,0.0,0.0,55.001251,-125.002441
688,689,2020-02-03,"London, ON",Canada,2020-04-02 00:03:00,1.0,0.0,0.0,43.0161749,-81.2682347
689,690,2020-02-03,Finland,Finland,1/31/20 8:15,1.0,0.0,0.0,63.2467777,25.9209164
690,691,2020-02-03,Tibet,China,2020-01-02 01:52:00,1.0,0.0,0.0,31.894343149999997,87.07813712706509
691,692,2020-02-03,Nepal,Nepal,1/31/20 8:15,1.0,0.0,0.0,28.1083929,84.0917139
692,693,2020-02-03,Spain,Spain,2020-01-02 23:43:00,1.0,0.0,0.0,39.3262345,-4.8380649
693,694,2020-02-03,Sri Lanka,Sri Lanka,1/31/20 8:15,1.0,0.0,0.0,7.5554942,80.7137847
694,695,2020-02-03,Sweden,Sweden,2020-01-02 02:13:00,1.0,0.0,0.0,59.6749712,14.5208584
695,696,2020-02-03,"Boston, MA",US,2020-01-02 19:43:00,1.0,0.0,0.0,42.3602534,-71.0582912
696,697,2020-02-03,"Los Angeles, CA",US,2020-01-02 19:53:00,1.0,0.0,0.0,34.0536909,-118.2427666
697,698,2020-02-03,"Orange, CA",US,2020-01-02 19:53:00,1.0,0.0,0.0,29.7742659,-95.3341066
698,699,2020-02-03,"Seattle, WA",US,2020-01-02 19:43:00,1.0,0.0,0.0,47.6038321,-122.3300624
699,700,2020-02-03,"Tempe, AZ",US,2020-01-02 19:43:00,1.0,0.0,0.0,33.4255056,-111.9400125
700,701,2020-02-04,Hubei,China,2020-04-02 23:43:00,16678.0,479.0,522.0,31.15172525,112.87832224656043
701,702,2020-02-04,Zhejiang,China,2020-05-02 01:33:00,895.0,0.0,63.0,29.0000001,119.9999999
702,703,2020-02-04,Guangdong,China,2020-05-02 02:03:00,870.0,0.0,32.0,23.1357694,113.1982688
703,704,2020-02-04,Henan,China,2020-05-02 01:13:00,764.0,2.0,41.0,34.0000001,113.9999999
704,705,2020-02-04,Hunan,China,2020-05-02 01:43:00,661.0,0.0,35.0,27.9995878,112.009538
705,706,2020-02-04,Jiangxi,China,2020-05-02 01:33:00,548.0,0.0,27.0,28.0,116.0
706,707,2020-02-04,Anhui,China,2020-05-02 01:13:00,530.0,0.0,20.0,32.0,117.0
707,708,2020-02-04,Chongqing,China,2020-05-02 00:13:00,366.0,2.0,14.0,30.05518,107.8748712
708,709,2020-02-04,Jiangsu,China,2020-05-02 02:43:00,341.0,0.0,13.0,33.0000001,119.9999999
709,710,2020-02-04,Sichuan,China,2020-05-02 00:53:00,301.0,1.0,23.0,30.5000001,102.4999999
710,711,2020-02-04,Shandong,China,2020-05-02 01:03:00,298.0,0.0,13.0,36.0000001,118.9999999
711,712,2020-02-04,Shanghai,China,2020-05-02 00:23:00,233.0,1.0,12.0,31.2322758,121.4692071
712,713,2020-02-04,Beijing,China,2020-04-02 08:33:00,228.0,1.0,23.0,39.906217,116.3912757
713,714,2020-02-04,Fujian,China,2020-04-02 12:13:00,194.0,0.0,3.0,26.5450001,117.842778
714,715,2020-02-04,Heilongjiang,China,2020-05-02 01:23:00,190.0,2.0,4.0,48.0000047,127.999992
715,716,2020-02-04,Shaanxi,China,2020-05-02 02:43:00,165.0,0.0,2.0,36.0,109.0
716,717,2020-02-04,Guangxi,China,2020-05-02 00:43:00,150.0,0.0,10.0,24.0,109.0
717,718,2020-02-04,Hebei,China,2020-05-02 02:53:00,135.0,1.0,4.0,39.0000001,116.0
718,719,2020-02-04,Yunnan,China,2020-04-02 23:23:00,122.0,0.0,5.0,25.0,102.0
719,720,2020-02-04,Hainan,China,2020-05-02 02:53:00,91.0,1.0,4.0,19.2000001,109.5999999
720,721,2020-02-04,Liaoning,China,2020-04-02 14:13:00,81.0,0.0,2.0,40.9975197,122.9955469
721,722,2020-02-04,Shanxi,China,2020-04-02 23:23:00,81.0,0.0,4.0,37.0,112.0
722,723,2020-02-04,Tianjin,China,2020-04-02 13:33:00,67.0,0.0,2.0,39.1235635,117.1980785
723,724,2020-02-04,Guizhou,China,2020-05-02 01:23:00,64.0,0.0,5.0,27.0,107.0
724,725,2020-02-04,Gansu,China,2020-04-02 15:43:00,57.0,0.0,4.0,38.0000001,101.9999999
725,726,2020-02-04,Jilin,China,2020-05-02 00:43:00,54.0,0.0,1.0,42.9995032,125.9816054
726,727,2020-02-04,Inner Mongolia,China,2020-05-02 01:53:00,42.0,0.0,1.0,43.2443242,114.3251664
727,728,2020-02-04,Ningxia,China,2020-04-02 02:13:00,34.0,0.0,1.0,37.0000001,105.9999999
728,729,2020-02-04,Xinjiang,China,2020-05-02 02:03:00,32.0,0.0,0.0,41.7574769,87.16738423046897
729,730,2020-02-04,Thailand,Thailand,2020-04-02 15:33:00,25.0,0.0,5.0,14.8971921,100.83273
730,731,2020-02-04,Singapore,Singapore,2020-04-02 15:33:00,24.0,0.0,0.0,1.357107,103.8194992
731,732,2020-02-04,Japan,Japan,2020-04-02 16:43:00,22.0,0.0,1.0,36.5748441,139.2394179
732,733,2020-02-04,Hong Kong,Hong Kong,2020-05-02 02:33:00,18.0,1.0,0.0,22.2793278,114.1628131
733,734,2020-02-04,Qinghai,China,2020-05-02 01:23:00,17.0,0.0,0.0,35.40709525,95.95211573241954
734,735,2020-02-04,South Korea,South Korea,2020-04-02 15:33:00,16.0,0.0,0.0,36.5581914,127.9408564
736,737,2020-02-04,Taiwan,Taiwan,2020-04-02 14:53:00,11.0,0.0,0.0,23.9739374,120.9820179
737,738,2020-02-04,Macau,Macau,2020-04-02 04:43:00,10.0,0.0,0.0,22.1757605,113.5514142
738,739,2020-02-04,Malaysia,Malaysia,2020-04-02 07:33:00,10.0,0.0,0.0,4.5693754,102.2656823
739,740,2020-02-04,Vietnam,Vietnam,2020-03-02 21:43:00,8.0,0.0,1.0,13.2904027,108.4265113
740,741,2020-02-04,France,France,2020-01-02 01:52:00,6.0,0.0,0.0,46.603354,1.8883335
741,742,2020-02-04,United Arab Emirates,United Arab Emirates,2020-02-02 05:43:00,5.0,0.0,0.0,24.0002488,53.9994829
742,743,2020-02-04,New South Wales,Australia,2020-01-02 18:12:00,4.0,0.0,2.0,-31.8759835,147.2869493
743,744,2020-02-04,Victoria,Australia,2020-01-02 18:12:00,4.0,0.0,0.0,-36.5986096,144.6780052
744,745,2020-02-04,Queensland,Australia,2020-04-02 16:53:00,3.0,0.0,0.0,-22.1646782,144.5844903
745,746,2020-02-04,India,India,2020-03-02 21:43:00,3.0,0.0,0.0,22.3511148,78.6677428
746,747,2020-02-04,South Australia,Australia,2020-02-02 22:33:00,2.0,0.0,0.0,-30.5343665,135.6301212
747,748,2020-02-04,"Toronto, ON",Canada,2020-04-02 00:13:00,2.0,0.0,0.0,43.656394399999996,-79.3825968560406
748,749,2020-02-04,Italy,Italy,1/31/20 8:15,2.0,0.0,0.0,42.6384261,12.674297
749,750,2020-02-04,Philippines,Philippines,2020-02-02 03:33:00,2.0,1.0,0.0,12.7503486,122.7312101
750,751,2020-02-04,Russia,Russia,1/31/20 16:13,2.0,0.0,0.0,64.6863136,97.7453061
751,752,2020-02-04,UK,UK,2020-01-02 01:52:00,2.0,0.0,0.0,54.7023545,-3.2765753
752,753,2020-02-04,"Chicago, IL",US,2020-01-02 19:43:00,2.0,0.0,0.0,41.8755616,-87.6244212
753,754,2020-02-04,"San Benito, CA",US,2020-03-02 03:53:00,2.0,0.0,0.0,26.1326237,-97.630791
754,755,2020-02-04,"Santa Clara, CA",US,2020-03-02 00:43:00,2.0,0.0,0.0,37.3541132,-121.9551744
755,756,2020-02-04,Belgium,Belgium,2020-04-02 15:43:00,1.0,0.0,0.0,50.6402809,4.6667145
756,757,2020-02-04,Cambodia,Cambodia,1/31/20 8:15,1.0,0.0,0.0,13.5066394,104.869423
757,758,2020-02-04,British Columbia,Canada,2020-01-02 18:12:00,1.0,0.0,0.0,55.001251,-125.002441
758,759,2020-02-04,"London, ON",Canada,2020-04-02 00:03:00,1.0,0.0,0.0,43.0161749,-81.2682347
759,760,2020-02-04,Finland,Finland,1/31/20 8:15,1.0,0.0,0.0,63.2467777,25.9209164
760,761,2020-02-04,Tibet,China,2020-01-02 01:52:00,1.0,0.0,0.0,31.894343149999997,87.07813712706509
761,762,2020-02-04,Nepal,Nepal,1/31/20 8:15,1.0,0.0,0.0,28.1083929,84.0917139
762,763,2020-02-04,Spain,Spain,2020-01-02 23:43:00,1.0,0.0,0.0,39.3262345,-4.8380649
763,764,2020-02-04,Sri Lanka,Sri Lanka,1/31/20 8:15,1.0,0.0,0.0,7.5554942,80.7137847
764,765,2020-02-04,Sweden,Sweden,2020-01-02 02:13:00,1.0,0.0,0.0,59.6749712,14.5208584
765,766,2020-02-04,"Boston, MA",US,2020-01-02 19:43:00,1.0,0.0,0.0,42.3602534,-71.0582912
766,767,2020-02-04,"Los Angeles, CA",US,2020-01-02 19:53:00,1.0,0.0,0.0,34.0536909,-118.2427666
767,768,2020-02-04,"Orange, CA",US,2020-01-02 19:53:00,1.0,0.0,0.0,29.7742659,-95.3341066
768,769,2020-02-04,"Seattle, WA",US,2020-01-02 19:43:00,1.0,0.0,0.0,47.6038321,-122.3300624
769,770,2020-02-04,"Tempe, AZ",US,2020-01-02 19:43:00,1.0,0.0,0.0,33.4255056,-111.9400125
